{
  "type": "FeatureCollection",
  "features": [
    {
      "type": "Feature",
      "id": "npl_bnd_adm4_gov.2273",
      "geometry": {
        "type": "MultiPolygon",
        "coordinates": [
          [
            [
              [
                83.69732263927621,
                27.661933587920807
              ],
              [
                83.69730351827072,
                27.661759845288724
              ],
              [
                83.69741658295766,
                27.661302035782175
              ],
              [
                83.69744094418999,
                27.661071916072604
              ],
              [
                83.69755202535403,
                27.660783350366355
              ],
              [
                83.69757558696655,
                27.660611917315734
              ],
              [
                83.69783963229284,
                27.66009572780055
              ],
              [
                83.69814595266395,
                27.659638341393794
              ],
              [
                83.69825670388778,
                27.659352027044264
              ],
              [
                83.69865082328917,
                27.658721092087905
              ],
              [
                83.69907107395505,
                27.657747162935863
              ],
              [
                83.69911702492195,
                27.657517163557426
              ],
              [
                83.69907995905078,
                27.65705671841086
              ],
              [
                83.69915109027805,
                27.65654016402062
              ],
              [
                83.69923976267947,
                27.656310160760533
              ],
              [
                83.69926414332005,
                27.656080095394056
              ],
              [
                83.69935283901135,
                27.65585009213397
              ],
              [
                83.69937645496698,
                27.655678662964995
              ],
              [
                83.69964275941328,
                27.65499102875424
              ],
              [
                83.69964888853787,
                27.654510414556817
              ],
              [
                83.69953276899275,
                27.65353310448805
              ],
              [
                83.699306461063,
                27.652783476452964
              ],
              [
                83.69906426942346,
                27.6515734653777
              ],
              [
                83.69908944580219,
                27.651286964708994
              ],
              [
                83.69905107181512,
                27.650941657050204
              ],
              [
                83.69894814599671,
                27.650593973821913
              ],
              [
                83.69890901120634,
                27.650307224727634
              ],
              [
                83.69892232914582,
                27.649271596756627
              ],
              [
                83.6986129422716,
                27.6482915928231
              ],
              [
                83.69855232643283,
                27.648004909716864
              ],
              [
                83.69836588304356,
                27.647485537249082
              ],
              [
                83.69838446061812,
                27.646048282766536
              ],
              [
                83.6983445067997,
                27.64581803884418
              ],
              [
                83.69811613383241,
                27.645239777871677
              ],
              [
                83.69811900625305,
                27.645009665925404
              ],
              [
                83.69823002142904,
                27.644723351575873
              ],
              [
                83.69899157777309,
                27.643865293543364
              ],
              [
                83.69918813285933,
                27.643579087880017
              ],
              [
                83.69951794885493,
                27.64295028394924
              ],
              [
                83.69988932955349,
                27.642434338977974
              ],
              [
                83.7001310165786,
                27.641976843885036
              ],
              [
                83.70037056869647,
                27.64169078960602
              ],
              [
                83.70147712993064,
                27.640700293573868
              ],
              [
                83.70154294717973,
                27.640587601525283
              ],
              [
                83.70156740157165,
                27.640357536158806
              ],
              [
                83.70146407594333,
                27.64001203053589
              ],
              [
                83.70087289684126,
                27.63925941751233
              ],
              [
                83.7008336456014,
                27.638916291340564
              ],
              [
                83.70092321078221,
                27.638573530043853
              ],
              [
                83.70103282856438,
                27.638343592771808
              ],
              [
                83.70114113434902,
                27.638231032699306
              ],
              [
                83.70133452200928,
                27.63815697082665
              ],
              [
                83.70148638766472,
                27.637985778438296
              ],
              [
                83.70153089853966,
                27.637814407494062
              ],
              [
                83.70151313222985,
                27.637469216284757
              ],
              [
                83.7016679557022,
                27.63701147276625
              ],
              [
                83.70199376195386,
                27.636594653478532
              ],
              [
                83.70233813801677,
                27.636426162718237
              ],
              [
                83.70246845275413,
                27.63625497809318
              ],
              [
                83.70256158128919,
                27.635566905256027
              ],
              [
                83.70256533096261,
                27.635223980930036
              ],
              [
                83.7024413239057,
                27.634819780884875
              ],
              [
                83.70238083616138,
                27.63447666247641
              ],
              [
                83.70236433526932,
                27.634016279436235
              ],
              [
                83.70228183857228,
                27.633729530341956
              ],
              [
                83.70224325885779,
                27.63332784172403
              ],
              [
                83.70201557682411,
                27.632618780807974
              ],
              [
                83.7021920094393,
                27.63214079836892
              ],
              [
                83.70234432924774,
                27.63191321725813
              ],
              [
                83.70247594821933,
                27.631626965014988
              ],
              [
                83.70280208829284,
                27.631171841609902
              ],
              [
                83.70312702117336,
                27.6308317858229
              ],
              [
                83.7034532660514,
                27.630374480930787
              ],
              [
                83.70354501271923,
                27.62980147571172
              ],
              [
                83.70346369992528,
                27.629399662881006
              ],
              [
                83.70319163511111,
                27.62882371537161
              ],
              [
                83.70308632984154,
                27.628651967907373
              ],
              [
                83.70291708215959,
                27.628477899216733
              ],
              [
                83.70256038574114,
                27.62778659296554
              ],
              [
                83.70184357705266,
                27.626785480621976
              ],
              [
                83.70159483318874,
                27.626035786598848
              ],
              [
                83.70155457272001,
                27.625805542676492
              ],
              [
                83.70151226274035,
                27.62574903362292
              ],
              [
                83.70145226796552,
                27.62534735664994
              ],
              [
                83.70135913166718,
                27.624999549208866
              ],
              [
                83.7012055076245,
                27.624426105363405
              ],
              [
                83.70120726213008,
                27.624254606324737
              ],
              [
                83.70110357550836,
                27.62394747468888
              ],
              [
                83.70106169251014,
                27.623870652963422
              ],
              [
                83.7008708939101,
                27.623696537692986
              ],
              [
                83.70067958681399,
                27.623581039211807
              ],
              [
                83.70023159011741,
                27.623404039875783
              ],
              [
                83.70010426425017,
                27.62332703183115
              ],
              [
                83.6998285235139,
                27.62307596285917
              ],
              [
                83.69968120327003,
                27.62284328902422
              ],
              [
                83.69951494833985,
                27.62238485069045
              ],
              [
                83.69947595328888,
                27.62203954303166
              ],
              [
                83.69961257958835,
                27.62129517075001
              ],
              [
                83.6995720745757,
                27.621064907419406
              ],
              [
                83.69946832196594,
                27.62077816220678
              ],
              [
                83.69915276715065,
                27.620258475325386
              ],
              [
                83.69906976195752,
                27.620028099426946
              ],
              [
                83.69902876785704,
                27.619854290806824
              ],
              [
                83.69903177613541,
                27.619567724150073
              ],
              [
                83.69914214695758,
                27.619283665038907
              ],
              [
                83.6994234578609,
                27.618997665102984
              ],
              [
                83.69948907326422,
                27.6188849730544
              ],
              [
                83.69962483395585,
                27.61819709041807
              ],
              [
                83.69971456992923,
                27.617815920199455
              ],
              [
                83.69978101212389,
                27.617606221847957
              ],
              [
                83.69950338490597,
                27.61756497155861
              ],
              [
                83.69860407270247,
                27.617556292190308
              ],
              [
                83.69796058060993,
                27.61768572967488
              ],
              [
                83.69693258008022,
                27.61771291674805
              ],
              [
                83.69577501785314,
                27.61787502607655
              ],
              [
                83.69525939117713,
                27.618022850934853
              ],
              [
                83.69487189775147,
                27.618229603114372
              ],
              [
                83.69480759046402,
                27.61822715379353
              ],
              [
                83.69461413681573,
                27.618321539983025
              ],
              [
                83.69403420285228,
                27.618487216547425
              ],
              [
                83.69351807544349,
                27.61869366207663
              ],
              [
                83.6933035716099,
                27.618729291737488
              ],
              [
                83.69291688556733,
                27.61885934640433
              ],
              [
                83.69259532584024,
                27.618915106299546
              ],
              [
                83.69246626875733,
                27.618971161200125
              ],
              [
                83.69214475949168,
                27.619006530790465
              ],
              [
                83.69182245060624,
                27.619098351209633
              ],
              [
                83.69137232676572,
                27.61915147934648
              ],
              [
                83.69092082105797,
                27.619319717799556
              ],
              [
                83.69051176118764,
                27.619544473069507
              ],
              [
                83.69010345435728,
                27.619692476483685
              ],
              [
                83.68971557276667,
                27.619899213136605
              ],
              [
                83.68965164976252,
                27.61989903458073
              ],
              [
                83.68906988366052,
                27.62023846542216
              ],
              [
                83.68855339525832,
                27.62046297226654
              ],
              [
                83.6879102563959,
                27.620551788288985
              ],
              [
                83.68767464803392,
                27.620549040081134
              ],
              [
                83.68757138839365,
                27.620223843248453
              ],
              [
                83.68755244982569,
                27.619993661432492
              ],
              [
                83.68757782416854,
                27.619630416671313
              ],
              [
                83.68751695602256,
                27.61932341312989
              ],
              [
                83.68750788848931,
                27.61817484080308
              ],
              [
                83.68738270917424,
                27.61786765094248
              ],
              [
                83.68734251857522,
                27.617637407020126
              ],
              [
                83.6873438887975,
                27.617483969296632
              ],
              [
                83.68756131939482,
                27.617197915017616
              ],
              [
                83.68741464350477,
                27.616890663050626
              ],
              [
                83.68722388760288,
                27.61669847093842
              ],
              [
                83.68699033651515,
                27.61654222678233
              ],
              [
                83.68681990104845,
                27.61644479349797
              ],
              [
                83.68662789913706,
                27.61638572255572
              ],
              [
                83.68624507533576,
                27.616150156891887
              ],
              [
                83.685989507532,
                27.616032290604505
              ],
              [
                83.68579750562061,
                27.615973165319165
              ],
              [
                83.68547645827127,
                27.61595210737057
              ],
              [
                83.68509195759736,
                27.61586997554858
              ],
              [
                83.68496420474868,
                27.615811032700766
              ],
              [
                83.68475188628376,
                27.61563684367899
              ],
              [
                83.6847096461738,
                27.615580350152015
              ],
              [
                83.68468969449532,
                27.615444903874003
              ],
              [
                83.68471352006001,
                27.615214725939687
              ],
              [
                83.68484546120851,
                27.61491046672447
              ],
              [
                83.68504058784775,
                27.614682971009966
              ],
              [
                83.68540694957349,
                27.614458157515276
              ],
              [
                83.68626738705714,
                27.614103658110444
              ],
              [
                83.68671964580489,
                27.613840528853437
              ],
              [
                83.68712788276554,
                27.61371066826907
              ],
              [
                83.68719301296268,
                27.61363410273248
              ],
              [
                83.68711063659677,
                27.613308968006194
              ],
              [
                83.68700620857999,
                27.61307634075104
              ],
              [
                83.6868417081554,
                27.612462228863656
              ],
              [
                83.68667382681407,
                27.612154907026973
              ],
              [
                83.68648314078187,
                27.61194241388783
              ],
              [
                83.68608040023693,
                27.611593969856234
              ],
              [
                83.68578277087907,
                27.611399293488343
              ],
              [
                83.68563376988097,
                27.6113199719806
              ],
              [
                83.68524933907676,
                27.611219778843438
              ],
              [
                83.68505777579178,
                27.611104295888858
              ],
              [
                83.68478239604892,
                27.61085090569047
              ],
              [
                83.68463520778114,
                27.610602352027374
              ],
              [
                83.68468139164702,
                27.61029560855647
              ],
              [
                83.68466890049889,
                27.609453919439947
              ],
              [
                83.68456613770975,
                27.609070156279454
              ],
              [
                83.68431195177321,
                27.60881677772602
              ],
              [
                83.68386538740529,
                27.60852466031047
              ],
              [
                83.68367500802341,
                27.608332406091872
              ],
              [
                83.68346231692014,
                27.608176278385265
              ],
              [
                83.6830388871833,
                27.6077510980245
              ],
              [
                83.68263682980867,
                27.60730559722855
              ],
              [
                83.68236271548355,
                27.606921407086613
              ],
              [
                83.6822161482797,
                27.606611907644556
              ],
              [
                83.6820891950508,
                27.60649653337616
              ],
              [
                83.68164602324457,
                27.605897598738363
              ],
              [
                83.6812430847355,
                27.605531093391598
              ],
              [
                83.68082013632319,
                27.605067531280472
              ],
              [
                83.68054451203642,
                27.604814230360027
              ],
              [
                83.68050257081346,
                27.604737284421784
              ],
              [
                83.68012108618123,
                27.604388964602972
              ],
              [
                83.67967751068343,
                27.603828345727493
              ],
              [
                83.67940182429027,
                27.60357729228211
              ],
              [
                83.67900058206203,
                27.603075402763725
              ],
              [
                83.67876926292276,
                27.602689031134762
              ],
              [
                83.67868608693705,
                27.602458662999624
              ],
              [
                83.67790289427865,
                27.60164685093938
              ],
              [
                83.67748008560574,
                27.601144848853156
              ],
              [
                83.67727027468639,
                27.600778786014434
              ],
              [
                83.67714514195113,
                27.60047165826023
              ],
              [
                83.6768500783636,
                27.60004672244338
              ],
              [
                83.67676688296964,
                27.599816408651336
              ],
              [
                83.67659895116688,
                27.599506854866185
              ],
              [
                83.67640951890748,
                27.59921984181974
              ],
              [
                83.67571190109419,
                27.59840816173558
              ],
              [
                83.6755643906495,
                27.598175402504342
              ],
              [
                83.67501126723921,
                27.597862731754635
              ],
              [
                83.67465050673373,
                27.59759109780355
              ],
              [
                83.67452238900998,
                27.59755240940288
              ],
              [
                83.6741370731897,
                27.59754697121192
              ],
              [
                83.67392433938828,
                27.597431402861048
              ],
              [
                83.67384020463514,
                27.59729591388489
              ],
              [
                83.67379964139776,
                27.597085920528027
              ],
              [
                83.67382345919916,
                27.59685578141021
              ],
              [
                83.6739123218014,
                27.596569416599234
              ],
              [
                83.67393607749639,
                27.59635959403495
              ],
              [
                83.67311800821714,
                27.596770606375003
              ],
              [
                83.67272971129003,
                27.597035967580478
              ],
              [
                83.67186883129833,
                27.59746491702292
              ],
              [
                83.6712863199196,
                27.59786072106019
              ],
              [
                83.67092040458357,
                27.598049404161237
              ],
              [
                83.6704892736541,
                27.598332667534255
              ],
              [
                83.67012213948011,
                27.598613850343135
              ],
              [
                83.66995033379114,
                27.598669843137323
              ],
              [
                83.66984332835908,
                27.598669590830102
              ],
              [
                83.66924925742812,
                27.59818303382728
              ],
              [
                83.6685922571953,
                27.597565475035132
              ],
              [
                83.6681051528799,
                27.597081406169647
              ],
              [
                83.66793651849858,
                27.596848592595315
              ],
              [
                83.66764007692547,
                27.596559033186793
              ],
              [
                83.66713271039961,
                27.59597790755695
              ],
              [
                83.66677201588217,
                27.59568823169894
              ],
              [
                83.66666657087322,
                27.595590969207162
              ],
              [
                83.66573325930166,
                27.594738042715306
              ],
              [
                83.66539231849856,
                27.594619842606065
              ],
              [
                83.66504757367895,
                27.594826598667233
              ],
              [
                83.66466095362442,
                27.594938533794164
              ],
              [
                83.6645113315624,
                27.594897543575335
              ],
              [
                83.66413308810752,
                27.59426253676864
              ],
              [
                83.6639643217501,
                27.594050028102895
              ],
              [
                83.66379439089783,
                27.59391420918653
              ],
              [
                83.66368775810415,
                27.59389365973402
              ],
              [
                83.66358039556033,
                27.593911476505273
              ],
              [
                83.66302032787908,
                27.594230540331726
              ],
              [
                83.66269789089921,
                27.59436059499857
              ],
              [
                83.66215814365314,
                27.594756414562436
              ],
              [
                83.661339142778,
                27.595264402152207
              ],
              [
                83.66082345787726,
                27.595450414678393
              ],
              [
                83.65893001253602,
                27.596310044778953
              ],
              [
                83.65886526662219,
                27.596366282117057
              ],
              [
                83.65834877045668,
                27.59661097353889
              ],
              [
                83.65806826305482,
                27.596817853812844
              ],
              [
                83.65772351047191,
                27.597006529150594
              ],
              [
                83.65750771404903,
                27.597175283863056
              ],
              [
                83.6573355124318,
                27.597249279747672
              ],
              [
                83.65682038260694,
                27.59735860252448
              ],
              [
                83.65609289161901,
                27.597331982172136
              ],
              [
                83.65594446510502,
                27.5972165419157
              ],
              [
                83.65566794803887,
                27.597060099795485
              ],
              [
                83.65541214733614,
                27.596942155875112
              ],
              [
                83.65462295364759,
                27.596703294690844
              ],
              [
                83.65445300726873,
                27.596587784564715
              ],
              [
                83.65417963822031,
                27.596124532985552
              ],
              [
                83.65411745419514,
                27.595952855391012
              ],
              [
                83.65407790018664,
                27.595663967507853
              ],
              [
                83.65414658597473,
                27.59524441553888
              ],
              [
                83.65410526581569,
                27.59510891103612
              ],
              [
                83.6539783358767,
                27.594993544531025
              ],
              [
                83.6538075704698,
                27.594934407600732
              ],
              [
                83.65286569209776,
                27.59492304213097
              ],
              [
                83.65269433668013,
                27.594960965846685
              ],
              [
                83.652437266678,
                27.594958105070994
              ],
              [
                83.65222370220359,
                27.59491692076969
              ],
              [
                83.65205327450019,
                27.594837544918853
              ],
              [
                83.65199033355339,
                27.594722283218292
              ],
              [
                83.65197139110377,
                27.59449209363903
              ],
              [
                83.65201807958408,
                27.594149219774483
              ],
              [
                83.65205107360492,
                27.59311584316019
              ],
              [
                83.65198896721276,
                27.59294191032728
              ],
              [
                83.65199389690763,
                27.592483914501557
              ],
              [
                83.65212864448873,
                27.591929094810443
              ],
              [
                83.65227926413468,
                27.59183471638425
              ],
              [
                83.65247558632197,
                27.591530596908413
              ],
              [
                83.65260508203129,
                27.591436164139125
              ],
              [
                83.6533140148529,
                27.591196464518564
              ],
              [
                83.65404358252331,
                27.59104935000212
              ],
              [
                83.65391733187299,
                27.590857289865998
              ],
              [
                83.65330040190807,
                27.590505903544074
              ],
              [
                83.65244744436302,
                27.590210471199843
              ],
              [
                83.65219118950729,
                27.590148919883557
              ],
              [
                83.65142114011414,
                27.590101847119946
              ],
              [
                83.65107944238939,
                27.590022040406012
              ],
              [
                83.65090908067403,
                27.589944919793542
              ],
              [
                83.65014113125325,
                27.589705969331334
              ],
              [
                83.6492900795981,
                27.589236778828422
              ],
              [
                83.64903595188632,
                27.58900372459182
              ],
              [
                83.64884444682608,
                27.5888881523593
              ],
              [
                83.64876039358758,
                27.588752539170358
              ],
              [
                83.64869876075664,
                27.58852222537831
              ],
              [
                83.64874327551324,
                27.5883689118676
              ],
              [
                83.64906777364901,
                27.58806735428044
              ],
              [
                83.64930644463244,
                27.58776334349079
              ],
              [
                83.64917920027985,
                27.587665976194472
              ],
              [
                83.64909382339887,
                27.58762740036164
              ],
              [
                83.64858038209154,
                27.58762159341397
              ],
              [
                83.64806608293966,
                27.587672214005234
              ],
              [
                83.64780845009837,
                27.587746039097272
              ],
              [
                83.64750638401512,
                27.587955038751858
              ],
              [
                83.64731183574166,
                27.588123851689062
              ],
              [
                83.64694320713261,
                27.588540341036573
              ],
              [
                83.64657639125389,
                27.588805667307206
              ],
              [
                83.64648920164258,
                27.588956655709858
              ],
              [
                83.64609989160493,
                27.589298652321617
              ],
              [
                83.64586127496459,
                27.589582342676078
              ],
              [
                83.64571020116566,
                27.589694790180744
              ],
              [
                83.64534520189889,
                27.589786338884444
              ],
              [
                83.64491563527417,
                27.589877775020312
              ],
              [
                83.64448488086472,
                27.59002784735368
              ],
              [
                83.6442270112428,
                27.59006559251352
              ],
              [
                83.64371144279154,
                27.59013653353997
              ],
              [
                83.64356307838395,
                27.59000065639886
              ],
              [
                83.64339946297544,
                27.589404539838608
              ],
              [
                83.6432527560322,
                27.589153727055496
              ],
              [
                83.64299702131751,
                27.58903798014875
              ],
              [
                83.6426546365408,
                27.588976230868337
              ],
              [
                83.6419022641795,
                27.58912317071055
              ],
              [
                83.64172864576021,
                27.589276165926
              ],
              [
                83.64155408410008,
                27.589503599534112
              ],
              [
                83.64153163263931,
                27.589580293165138
              ],
              [
                83.64146115352915,
                27.590040404489848
              ],
              [
                83.64147169608923,
                27.59088660796475
              ],
              [
                83.64136138737344,
                27.591114220128738
              ],
              [
                83.64133600914894,
                27.591421041232632
              ],
              [
                83.64113788199464,
                27.59180409793291
              ],
              [
                83.64096376284255,
                27.59199548266202
              ],
              [
                83.64074732206585,
                27.59214609454467
              ],
              [
                83.64023082590036,
                27.592295980558863
              ],
              [
                83.64005913666087,
                27.592313541141248
              ],
              [
                83.63975946167372,
                27.592272151112518
              ],
              [
                83.6395046430283,
                27.59207747086298
              ],
              [
                83.63935669783888,
                27.591903293486148
              ],
              [
                83.63925275502828,
                27.59167292146936
              ],
              [
                83.63921288660616,
                27.591442603795663
              ],
              [
                83.63924038809294,
                27.590982341086622
              ],
              [
                83.6394187149531,
                27.59046383810833
              ],
              [
                83.63942008517537,
                27.590348793780144
              ],
              [
                83.6395091340968,
                27.590121103983165
              ],
              [
                83.63970526608325,
                27.589873412046263
              ],
              [
                83.6397496449821,
                27.58975840265292
              ],
              [
                83.63958519890059,
                27.589218733039846
              ],
              [
                83.63952145057068,
                27.589159840653476
              ],
              [
                83.6394381348456,
                27.588985919465514
              ],
              [
                83.63890801797197,
                27.58853997616152
              ],
              [
                83.63858939665357,
                27.588306789948835
              ],
              [
                83.63795109044479,
                27.587937295731948
              ],
              [
                83.63773889619266,
                27.587762982497384
              ],
              [
                83.6373370872436,
                27.58733772062198
              ],
              [
                83.63712727632425,
                27.58698965311039
              ],
              [
                83.63711419128376,
                27.58635560118947
              ],
              [
                83.63724733962526,
                27.586012905880803
              ],
              [
                83.6373563906866,
                27.585859782570918
              ],
              [
                83.6376167756174,
                27.58563028392527
              ],
              [
                83.63764288747366,
                27.585285088834315
              ],
              [
                83.63762432930736,
                27.5850549031367
              ],
              [
                83.6375630070084,
                27.58484492142479
              ],
              [
                83.63749925867849,
                27.58478609890811
              ],
              [
                83.63707276243854,
                27.584608971477653
              ],
              [
                83.6368157623061,
                27.584587967872153
              ],
              [
                83.63660064129024,
                27.584643851980154
              ],
              [
                83.63638389386323,
                27.58481471830995
              ],
              [
                83.63605501334517,
                27.585368982925182
              ],
              [
                83.63594638150197,
                27.585481605104075
              ],
              [
                83.6357946944024,
                27.585596296202155
              ],
              [
                83.63562264028786,
                27.585634107350035
              ],
              [
                83.63528195567363,
                27.5854572167002
              ],
              [
                83.6351546996761,
                27.58534179585201
              ],
              [
                83.63504994560076,
                27.58516777762281
              ],
              [
                83.63490664674578,
                27.58464841679998
              ],
              [
                83.6348478397557,
                27.58424434484925
              ],
              [
                83.63481363466022,
                27.583571845189933
              ],
              [
                83.63466652014377,
                27.58335928606275
              ],
              [
                83.63461695147953,
                27.58332985539616
              ],
              [
                83.63449620112655,
                27.583261845015087
              ],
              [
                83.63398270547613,
                27.58318154533167
              ],
              [
                83.63363914455962,
                27.58321672083953
              ],
              [
                83.63314045352043,
                27.58333047257843
              ],
              [
                83.6323487755762,
                27.583513414719853
              ],
              [
                83.63194038334957,
                27.583586789540547
              ],
              [
                83.63191682173704,
                27.583758214827874
              ],
              [
                83.63172152430522,
                27.58392922089705
              ],
              [
                83.63144077624109,
                27.584079661987126
              ],
              [
                83.63124720614331,
                27.584135530568528
              ],
              [
                83.63097000978847,
                27.583999408883496
              ],
              [
                83.63063182107489,
                27.583651026958297
              ],
              [
                83.63033476620116,
                27.583417786402517
              ],
              [
                83.6301953878122,
                27.583331718587925
              ],
              [
                83.63007946234957,
                27.583261410270342
              ],
              [
                83.6294823171522,
                27.583007088476077
              ],
              [
                83.62913951315734,
                27.58300397539317
              ],
              [
                83.62845232921792,
                27.583076597173857
              ],
              [
                83.62793663655387,
                27.583167715014465
              ],
              [
                83.6276792637831,
                27.583164788250734
              ],
              [
                83.62689232533292,
                27.5833319049071
              ],
              [
                83.62664714482324,
                27.583385409563952
              ],
              [
                83.62647563413962,
                27.583384908831164
              ],
              [
                83.62613151038394,
                27.583458477734336
              ],
              [
                83.62570288311841,
                27.583434718157683
              ],
              [
                83.62553582468678,
                27.583332727816796
              ],
              [
                83.62544801401155,
                27.583280605027173
              ],
              [
                83.62510658412063,
                27.5831420417846
              ],
              [
                83.62502083848294,
                27.583141793359033
              ],
              [
                83.62499990086549,
                27.583155289854382
              ],
              [
                83.62469982218678,
                27.583332727816796
              ],
              [
                83.62467507667117,
                27.583348464023913
              ],
              [
                83.62458920293905,
                27.58336852827023
              ],
              [
                83.62433183016826,
                27.5833656015065
              ],
              [
                83.62424332855943,
                27.583333783625463
              ],
              [
                83.62373425798944,
                27.58314958771125
              ],
              [
                83.62347763825866,
                27.58310828307881
              ],
              [
                83.62313452373185,
                27.58310510012621
              ],
              [
                83.62296364187546,
                27.583066349619152
              ],
              [
                83.62244851593223,
                27.583098722576068
              ],
              [
                83.62201863877556,
                27.583192344080608
              ],
              [
                83.62188989610625,
                27.58318972008554
              ],
              [
                83.62180475988754,
                27.58315117142425
              ],
              [
                83.62161377496834,
                27.58299716697993
              ],
              [
                83.62134075915003,
                27.58257223116308
              ],
              [
                83.62115445938177,
                27.582052718955918
              ],
              [
                83.62099146503718,
                27.58141598093354
              ],
              [
                83.62097457986181,
                27.5810706538665
              ],
              [
                83.62104352572042,
                27.580725598514928
              ],
              [
                83.62122270266181,
                27.58015297757916
              ],
              [
                83.62135427505362,
                27.579941221953426
              ],
              [
                83.62127225191782,
                27.579654402989455
              ],
              [
                83.62116744349939,
                27.579480415813453
              ],
              [
                83.62093506855145,
                27.579208975944844
              ],
              [
                83.62085265336904,
                27.578978592283107
              ],
              [
                83.62085650784701,
                27.57868979367789
              ],
              [
                83.62094964026372,
                27.578114603090146
              ],
              [
                83.62097671476904,
                27.577692722131466
              ],
              [
                83.62085120551377,
                27.57746222202024
              ],
              [
                83.62063908113134,
                27.577287904904033
              ],
              [
                83.62055408077036,
                27.577247042779636
              ],
              [
                83.62038251962531,
                27.577246592508292
              ],
              [
                83.62029627325484,
                27.577284784057827
              ],
              [
                83.62026839524805,
                27.577289162558472
              ],
              [
                83.61986320538226,
                27.57731058926377
              ],
              [
                83.61952113890081,
                27.577248727415522
              ],
              [
                83.6192635215861,
                27.57724352988683
              ],
              [
                83.61874544947091,
                27.57738652985479
              ],
              [
                83.61822820414706,
                27.577475353640537
              ],
              [
                83.61796856837461,
                27.57758521596663
              ],
              [
                83.6172786478723,
                27.577725467726736
              ],
              [
                83.61659138629989,
                27.577732594435236
              ],
              [
                83.61590294470604,
                27.577798400039384
              ],
              [
                83.61555994274705,
                27.577772590951792
              ],
              [
                83.61504414139682,
                27.577802790184982
              ],
              [
                83.61478495201406,
                27.57787429405061
              ],
              [
                83.61402539471953,
                27.578282845424873
              ],
              [
                83.61356775600557,
                27.578617781316172
              ],
              [
                83.61322164484532,
                27.57874541771537
              ],
              [
                83.61279052556081,
                27.57883447828174
              ],
              [
                83.61246783627371,
                27.578867480065874
              ],
              [
                83.61234088304482,
                27.578770042899865
              ],
              [
                83.61212002106934,
                27.578020282888694
              ],
              [
                83.61197658247498,
                27.577674656934644
              ],
              [
                83.61190001305674,
                27.577214091456945
              ],
              [
                83.61167689196124,
                27.57657946893355
              ],
              [
                83.61155956910478,
                27.57600371938828
              ],
              [
                83.61152489044807,
                27.575601980308907
              ],
              [
                83.61156283357202,
                27.574801036867292
              ],
              [
                83.61149302210558,
                27.57405391637779
              ],
              [
                83.6115444539616,
                27.573652417960687
              ],
              [
                83.61160082327578,
                27.573002715228945
              ],
              [
                83.61183520115488,
                27.57206915523181
              ],
              [
                83.61179276308077,
                27.572050977467153
              ],
              [
                83.61166439304982,
                27.57202810290659
              ],
              [
                83.61106170873859,
                27.572132464935322
              ],
              [
                83.61045820539933,
                27.572275162134623
              ],
              [
                83.61019863561492,
                27.57236697479049
              ],
              [
                83.60839039636207,
                27.572677793993382
              ],
              [
                83.60800308149228,
                27.57272860478547
              ],
              [
                83.60774464126789,
                27.572782039572633
              ],
              [
                83.60731257486088,
                27.572927477216485
              ],
              [
                83.60688152544606,
                27.57301422820139
              ],
              [
                83.60619339826582,
                27.573098033014322
              ],
              [
                83.60610688794317,
                27.573133907219095
              ],
              [
                83.60567721263227,
                27.573166532483228
              ],
              [
                83.60559064020325,
                27.573202406688004
              ],
              [
                83.6051610153538,
                27.573232776713773
              ],
              [
                83.60447100945518,
                27.573393279039376
              ],
              [
                83.60326669664141,
                27.573543289266354
              ],
              [
                83.60180269759374,
                27.573803103594678
              ],
              [
                83.60137233134922,
                27.573853720304292
              ],
              [
                83.6005960751985,
                27.574050092953023
              ],
              [
                83.5992179615279,
                27.57429434186681
              ],
              [
                83.59861327040387,
                27.574493416143596
              ],
              [
                83.598268583809,
                27.574564524080976
              ],
              [
                83.59740739716699,
                27.574701965526838
              ],
              [
                83.59680583853412,
                27.574747656423227
              ],
              [
                83.59663388922411,
                27.574763035518586
              ],
              [
                83.59650569774904,
                27.574742291983604
              ],
              [
                83.59607426793256,
                27.5748493401138
              ],
              [
                83.59510714719376,
                27.574948100922292
              ],
              [
                83.59478370874831,
                27.575017105005635
              ],
              [
                83.59433252133583,
                27.57504734305532
              ],
              [
                83.59375127537484,
                27.575151728373953
              ],
              [
                83.5934923848791,
                27.575223150724945
              ],
              [
                83.59329700981431,
                27.57533534204074
              ],
              [
                83.59226114118103,
                27.575623480765543
              ],
              [
                83.59219725699339,
                27.57560290414149
              ],
              [
                83.59213494875544,
                27.57550573092765
              ],
              [
                83.59176407655298,
                27.57479160057733
              ],
              [
                83.59168327613676,
                27.574561224678895
              ],
              [
                83.59157907325566,
                27.574405217303422
              ],
              [
                83.59138121005353,
                27.573637415385328
              ],
              [
                83.59123545799606,
                27.573424910601236
              ],
              [
                83.59093957926213,
                27.57322765293642
              ],
              [
                83.59072651940215,
                27.573148094648054
              ],
              [
                83.59021257348039,
                27.57311953347096
              ],
              [
                83.58898752101328,
                27.5732309678651
              ],
              [
                83.58788701515235,
                27.573536849609816
              ],
              [
                83.58704694856533,
                27.573694526094574
              ],
              [
                83.58607921840755,
                27.57380902699183
              ],
              [
                83.58562645116372,
                27.57391598196244
              ],
              [
                83.58536677269312,
                27.574025782182137
              ],
              [
                83.58517332292648,
                27.574043230196686
              ],
              [
                83.58497832826332,
                27.57413516318369
              ],
              [
                83.58420133459919,
                27.574349465171508
              ],
              [
                83.58400789259584,
                27.57436473169903
              ],
              [
                83.58333332789898,
                27.574525152509995
              ],
              [
                83.58264963356248,
                27.574685526741163
              ],
              [
                83.58260658218776,
                27.574703475488498
              ],
              [
                83.58256113195364,
                27.574818407248852
              ],
              [
                83.58274925609716,
                27.57505140326071
              ],
              [
                83.5827857630108,
                27.57533810577519
              ],
              [
                83.5826939619999,
                27.575624400716478
              ],
              [
                83.58249613373259,
                27.575849416056943
              ],
              [
                83.58242538678861,
                27.57613577698627
              ],
              [
                83.58248382114034,
                27.576422545488793
              ],
              [
                83.58252851057117,
                27.57734103304088
              ],
              [
                83.58260932651396,
                27.577573722402427
              ],
              [
                83.58273426128511,
                27.57774785708111
              ],
              [
                83.58272932382692,
                27.57797798067233
              ],
              [
                83.58266008684461,
                27.57820565494271
              ],
              [
                83.58265626341985,
                27.578377165626325
              ],
              [
                83.58286208400348,
                27.578781664558498
              ],
              [
                83.58290125761035,
                27.578955539166664
              ],
              [
                83.58291401271063,
                27.579357220021294
              ],
              [
                83.5828932730573,
                27.58033197984633
              ],
              [
                83.58282283664528,
                27.580618340775658
              ],
              [
                83.58261864635445,
                27.581129911127924
              ],
              [
                83.58249782613179,
                27.581759091578707
              ],
              [
                83.58250940121061,
                27.58221947461888
              ],
              [
                83.58261439594823,
                27.582334845005626
              ],
              [
                83.58286869833425,
                27.582473280153764
              ],
              [
                83.58290983217411,
                27.582552407579033
              ],
              [
                83.582907895231,
                27.58264715864358
              ],
              [
                83.58277294580412,
                27.58293103143557
              ],
              [
                83.58255626048351,
                27.583043230514665
              ],
              [
                83.58257513694508,
                27.583158356357494
              ],
              [
                83.58261557208803,
                27.583273602531456
              ],
              [
                83.58266756678321,
                27.583332413403188
              ],
              [
                83.58280408051485,
                27.583486227646684
              ],
              [
                83.58333339388703,
                27.583808218236864
              ],
              [
                83.58335464979974,
                27.583821850589946
              ],
              [
                83.58354345323193,
                27.584016472614746
              ],
              [
                83.58370889689736,
                27.584305721491308
              ],
              [
                83.58377239292005,
                27.58434659526065
              ],
              [
                83.5842932753495,
                27.58506346993717
              ],
              [
                83.5843098344663,
                27.58529365951643
              ],
              [
                83.58419282602347,
                27.58574916332317
              ],
              [
                83.58420938514027,
                27.585979407245528
              ],
              [
                83.58422945326824,
                27.586038101667775
              ],
              [
                83.58439788968545,
                27.58619428759912
              ],
              [
                83.58463069937812,
                27.586330347177757
              ],
              [
                83.58469338801771,
                27.586409544472716
              ],
              [
                83.58473452573924,
                27.58650441975005
              ],
              [
                83.5848077103591,
                27.587080041200885
              ],
              [
                83.58477151397742,
                27.58776816061783
              ],
              [
                83.58467463188728,
                27.58828234332022
              ],
              [
                83.58462963192451,
                27.58839727896222
              ],
              [
                83.5843418852463,
                27.588793529389186
              ],
              [
                83.58414458488335,
                27.58900054552087
              ],
              [
                83.58407644640785,
                27.589171784489018
              ],
              [
                83.58400101819456,
                27.589686091404193
              ],
              [
                83.58412370549063,
                27.589975285937662
              ],
              [
                83.58405682466957,
                27.590087915879852
              ],
              [
                83.58388326835666,
                27.590182170093264
              ],
              [
                83.58356094394462,
                27.590194661241387
              ],
              [
                83.58333326191095,
                27.590121849259873
              ],
              [
                83.58330551588024,
                27.590112727383524
              ],
              [
                83.582861513401,
                27.58980003334392
              ],
              [
                83.58241489468999,
                27.58962040224953
              ],
              [
                83.5822859501749,
                27.58963578134489
              ],
              [
                83.58215558109445,
                27.589709905323936
              ],
              [
                83.58193626789712,
                27.589937106033076
              ],
              [
                83.58184670271632,
                27.590106105289458
              ],
              [
                83.58173701506446,
                27.590218607137217
              ],
              [
                83.58169164246333,
                27.590333538897568
              ],
              [
                83.58166775867389,
                27.59044853664596
              ],
              [
                83.58170432769393,
                27.59073521587055
              ],
              [
                83.58161619872345,
                27.590847783706348
              ],
              [
                83.5813138259899,
                27.590939351818296
              ],
              [
                83.5813935046094,
                27.591226166900615
              ],
              [
                83.58155777601667,
                27.59157416066087
              ],
              [
                83.58160851305742,
                27.59220616307084
              ],
              [
                83.58168701941877,
                27.592551606587367
              ],
              [
                83.58182971273641,
                27.592899534359578
              ],
              [
                83.58191288872212,
                27.593014854284878
              ],
              [
                83.58206101634909,
                27.593112404018722
              ],
              [
                83.58210176978729,
                27.593209480191327
              ],
              [
                83.58207676420115,
                27.593380905478654
              ],
              [
                83.58198939215232,
                27.59345735456576
              ],
              [
                83.58173125857823,
                27.59349040681134
              ],
              [
                83.58137927060064,
                27.59388653302552
              ],
              [
                83.58094377281547,
                27.594183028941718
              ],
              [
                83.58070296304315,
                27.594407966649193
              ],
              [
                83.58061633627102,
                27.594446096092334
              ],
              [
                83.58041976565818,
                27.59461473435531
              ],
              [
                83.58007194657215,
                27.594818975107597
              ],
              [
                83.57996189404523,
                27.594949534388874
              ],
              [
                83.57964802386583,
                27.59557590840706
              ],
              [
                83.57951645535567,
                27.595706343475555
              ],
              [
                83.57925290299887,
                27.595989843629194
              ],
              [
                83.57912052322396,
                27.59615873031774
              ],
              [
                83.57900852210899,
                27.596386288138635
              ],
              [
                83.57881045317943,
                27.596613589770662
              ],
              [
                83.57828839461018,
                27.596948153023607
              ],
              [
                83.57807283496793,
                27.5970017159052
              ],
              [
                83.57781508567714,
                27.59701447876879
              ],
              [
                83.57774850762475,
                27.597109031869213
              ],
              [
                83.57770233540381,
                27.597262353143222
              ],
              [
                83.57766851847329,
                27.59783535836229
              ],
              [
                83.57757769563804,
                27.598062982171225
              ],
              [
                83.57713639478686,
                27.598628033890446
              ],
              [
                83.57702320200549,
                27.598914224027194
              ],
              [
                83.57690088734776,
                27.599599847543505
              ],
              [
                83.5766957072363,
                27.60017008902812
              ],
              [
                83.57638683662147,
                27.60056627734869
              ],
              [
                83.57622676127731,
                27.601021664705947
              ],
              [
                83.57613857020043,
                27.60113640626547
              ],
              [
                83.57577119924582,
                27.60126390292529
              ],
              [
                83.57564032943259,
                27.601356037758066
              ],
              [
                83.57548571168763,
                27.601563170339237
              ],
              [
                83.57541682793543,
                27.601772783294447
              ],
              [
                83.57541063670446,
                27.602059353832846
              ],
              [
                83.57545100585936,
                27.602174545663715
              ],
              [
                83.57557490034844,
                27.602407351474746
              ],
              [
                83.57563839248948,
                27.602445904017685
              ],
              [
                83.57586771257925,
                27.60275572563665
              ],
              [
                83.57612045066051,
                27.602970850534163
              ],
              [
                83.57636939248856,
                27.603359718063757
              ],
              [
                83.57634701089749,
                27.603416102904546
              ],
              [
                83.5761942718709,
                27.603528414551477
              ],
              [
                83.57608427368709,
                27.60365896995111
              ],
              [
                83.57601613132992,
                27.603830228327507
              ],
              [
                83.57562294740607,
                27.60414940860344
              ],
              [
                83.57551288323421,
                27.604280033872765
              ],
              [
                83.57529889177836,
                27.605251909632216
              ],
              [
                83.57496607138604,
                27.605763107346128
              ],
              [
                83.5747844451238,
                27.60621835108235
              ],
              [
                83.57475706396815,
                27.60650478576302
              ],
              [
                83.57452613299384,
                27.60724646417991
              ],
              [
                83.57439832580205,
                27.608218600009877
              ],
              [
                83.57430670334702,
                27.60850491047776
              ],
              [
                83.57427695050352,
                27.608906478764553
              ],
              [
                83.57423152355929,
                27.609019097061797
              ],
              [
                83.57387983446871,
                27.60941521939433
              ],
              [
                83.57378582091758,
                27.609814280135538
              ],
              [
                83.57379883220673,
                27.610215976516763
              ],
              [
                83.57387526576724,
                27.610676541994465
              ],
              [
                83.57421383876412,
                27.611961538774967
              ],
              [
                83.57433102188119,
                27.61253728055694
              ],
              [
                83.57449320107939,
                27.61299810610516
              ],
              [
                83.57469119625762,
                27.613804227667217
              ],
              [
                83.57489532056042,
                27.614323778690878
              ],
              [
                83.5749932584592,
                27.614784480026312
              ],
              [
                83.57523551220515,
                27.61553434096037
              ],
              [
                83.57535970169958,
                27.615764914822932
              ],
              [
                83.57550626890344,
                27.61593909996306
              ],
              [
                83.57585727482372,
                27.616635168998204
              ],
              [
                83.57606582420696,
                27.616924596430643
              ],
              [
                83.57614839465535,
                27.617098533145203
              ],
              [
                83.576566964567,
                27.617621158435274
              ],
              [
                83.57680046131163,
                27.61775946937063
              ],
              [
                83.57714238417205,
                27.61784179139344
              ],
              [
                83.57757220698564,
                27.61782953314429
              ],
              [
                83.57772406875942,
                27.617755537259672
              ],
              [
                83.57796545301588,
                27.617510348986702
              ],
              [
                83.578207516561,
                27.6172289682137
              ],
              [
                83.57840688196148,
                27.616927216544063
              ],
              [
                83.57862277154396,
                27.61687373129546
              ],
              [
                83.57887813750195,
                27.61699184989006
              ],
              [
                83.57904588686718,
                27.61718640980847
              ],
              [
                83.57917044511832,
                27.61739884472287
              ],
              [
                83.57971789355702,
                27.61792403578327
              ],
              [
                83.579845200016,
                27.618003407752454
              ],
              [
                83.58014488276645,
                27.61804490646737
              ],
              [
                83.58083320402916,
                27.617999665842326
              ],
              [
                83.58109289802636,
                27.61791015112297
              ],
              [
                83.58139807331087,
                27.617685411379618
              ],
              [
                83.58150807149468,
                27.617552670611314
              ],
              [
                83.58166088815426,
                27.61744028133139
              ],
              [
                83.58229964463438,
                27.616668225125434
              ],
              [
                83.58247319706564,
                27.616576156280697
              ],
              [
                83.58266988800963,
                27.61640759176906
              ],
              [
                83.58310188842859,
                27.616300609626908
              ],
              [
                83.58327233554023,
                27.61635978925534
              ],
              [
                83.58333339388703,
                27.616457036220524
              ],
              [
                83.58364658865942,
                27.616958844224275
              ],
              [
                83.58413082831748,
                27.617427405899967
              ],
              [
                83.5843792655311,
                27.617888534216846
              ],
              [
                83.58436851336195,
                27.618405158476776
              ],
              [
                83.58421494754403,
                27.61857390930759
              ],
              [
                83.58397595826531,
                27.618704099832165
              ],
              [
                83.58384477015682,
                27.61881653569188
              ],
              [
                83.58366739041915,
                27.6190799715992
              ],
              [
                83.58368658905762,
                27.619195097442027
              ],
              [
                83.58387626974259,
                27.6193717163764
              ],
              [
                83.58413165122718,
                27.619489788391203
              ],
              [
                83.58417326639157,
                27.619548599262934
              ],
              [
                83.58468870674841,
                27.619556909874536
              ],
              [
                83.58511538154424,
                27.619698097112177
              ],
              [
                83.58562863265074,
                27.61980340626339
              ],
              [
                83.58613957029414,
                27.620021535557626
              ],
              [
                83.58686008207624,
                27.620493031760347
              ],
              [
                83.5872017642744,
                27.620593352991943
              ],
              [
                83.58840408192033,
                27.620614966016415
              ],
              [
                83.58874651327683,
                27.62067685115456
              ],
              [
                83.5894325171948,
                27.62072860518748
              ],
              [
                83.58977420327459,
                27.620828844904437
              ],
              [
                83.59017775508428,
                27.62104665978506
              ],
              [
                83.59019776886916,
                27.62112346986557
              ],
              [
                83.5901519459967,
                27.62125648234934
              ],
              [
                83.58991339534438,
                27.62138666899227
              ],
              [
                83.58967676610858,
                27.62140171814742
              ],
              [
                83.58954863673989,
                27.62136072792859
              ],
              [
                83.58883995234385,
                27.621347351764378
              ],
              [
                83.58864408430955,
                27.621479917858455
              ],
              [
                83.58850901455153,
                27.621781855847267
              ],
              [
                83.58850665062698,
                27.6218969195837
              ],
              [
                83.58864976316279,
                27.622242603762494
              ],
              [
                83.58896482500859,
                27.622593287505858
              ],
              [
                83.58902594546178,
                27.6227649728637
              ],
              [
                83.58902245585887,
                27.622938719377434
              ],
              [
                83.58920513016648,
                27.62345596858293
              ],
              [
                83.58918008576384,
                27.623627343408813
              ],
              [
                83.58906663291195,
                27.623913595651956
              ],
              [
                83.58879982773286,
                27.62436635513249
              ],
              [
                83.58864127011365,
                27.624765283897617
              ],
              [
                83.58862677603439,
                27.62499990632062
              ],
              [
                83.5886091999254,
                27.625281912039195
              ],
              [
                83.58871051097762,
                27.625568785346257
              ],
              [
                83.58879470007385,
                27.625666098299483
              ],
              [
                83.58900788414661,
                27.625745660469494
              ],
              [
                83.58915794871668,
                27.625748342689306
              ],
              [
                83.58965620889278,
                27.625546780275183
              ],
              [
                83.59008995993565,
                27.625344965553843
              ],
              [
                83.59026571326218,
                27.62515597968413
              ],
              [
                83.59035463797082,
                27.62500060113588
              ],
              [
                83.59048583384262,
                27.62489259035661
              ],
              [
                83.5906374510725,
                27.62481860223529
              ],
              [
                83.59089288301853,
                27.624938913961863
              ],
              [
                83.59098988932143,
                27.625000162509487
              ],
              [
                83.59123226728016,
                27.625154283403297
              ],
              [
                83.59127382810146,
                27.625213094275026
              ],
              [
                83.5914384022774,
                27.625579098889006
              ],
              [
                83.59147069371969,
                27.626093665874695
              ],
              [
                83.59174388421222,
                27.626385534864678
              ],
              [
                83.59178227760754,
                27.626615856420024
              ],
              [
                83.59207463568535,
                27.627022847371183
              ],
              [
                83.59232826266435,
                27.627217667360107
              ],
              [
                83.59245713730975,
                27.627220279710226
              ],
              [
                83.59267539858007,
                27.627051734606837
              ],
              [
                83.59274382041599,
                27.62686234892723
              ],
              [
                83.59277152763019,
                27.626555527823335
              ],
              [
                83.59290508354489,
                27.626330291228847
              ],
              [
                83.59314632806196,
                27.626085040849485
              ],
              [
                83.59360151357343,
                27.625883354222577
              ],
              [
                83.5938601478803,
                27.625829915553766
              ],
              [
                83.59437419860662,
                27.625896854599574
              ],
              [
                83.59462964607924,
                27.62601490720613
              ],
              [
                83.59501058339889,
                27.626289095282594
              ],
              [
                83.59507364467683,
                27.626365971351145
              ],
              [
                83.59506895952588,
                27.62659615316711
              ],
              [
                83.59499977688665,
                27.626823850727387
              ],
              [
                83.59512589944254,
                27.62695960753736
              ],
              [
                83.59514513301586,
                27.62707472561689
              ],
              [
                83.59485315145805,
                27.627701157859818
              ],
              [
                83.59482688821745,
                27.627928983514526
              ],
              [
                83.59471138973628,
                27.62832802872914
              ],
              [
                83.59453363736026,
                27.628611843296387
              ],
              [
                83.59411682195419,
                27.629025794045116
              ],
              [
                83.5939394577431,
                27.629309596967417
              ],
              [
                83.59382633094978,
                27.6295935396291
              ],
              [
                83.59382395538027,
                27.629708657708626
              ],
              [
                83.59384171004514,
                27.629880284841725
              ],
              [
                83.59394325787798,
                27.630169351280763
              ],
              [
                83.59417369588282,
                27.630458852464542
              ],
              [
                83.59455538236081,
                27.630696851922618
              ],
              [
                83.59478931773185,
                27.630814916174124
              ],
              [
                83.59495983859485,
                27.630873971589775
              ],
              [
                83.59521989358544,
                27.63076422959482
              ],
              [
                83.59570132292926,
                27.630332403850094
              ],
              [
                83.59628807306923,
                27.630000165705205
              ],
              [
                83.5963743349663,
                27.62998235669725
              ],
              [
                83.59670027707568,
                27.629796033639103
              ],
              [
                83.59704538677036,
                27.629724851950385
              ],
              [
                83.59747520182063,
                27.629714782951552
              ],
              [
                83.59781726053879,
                27.62979703898633
              ],
              [
                83.59816082533695,
                27.629802527638734
              ],
              [
                83.59859182817198,
                27.6297338457323
              ],
              [
                83.59935902455274,
                27.63003165752768
              ],
              [
                83.59973846743733,
                27.630382465483827
              ],
              [
                83.59982038965025,
                27.630574541146547
              ],
              [
                83.59998770427075,
                27.63080741294562
              ],
              [
                83.60002812776874,
                27.630922597013193
              ],
              [
                83.60002470803552,
                27.63109409217021
              ],
              [
                83.5999793354344,
                27.63120902781221
              ],
              [
                83.59980302703198,
                27.63143416348381
              ],
              [
                83.59954064305168,
                27.631659035203242
              ],
              [
                83.59932282817107,
                27.6318095927428
              ],
              [
                83.59886838793629,
                27.631973033477085
              ],
              [
                83.59847745536915,
                27.632177289755965
              ],
              [
                83.59777783462471,
                27.632775409247365
              ],
              [
                83.59748957168712,
                27.633230412321318
              ],
              [
                83.59743952169833,
                27.633573290067517
              ],
              [
                83.59723559147801,
                27.634084860419783
              ],
              [
                83.59763426793592,
                27.6345508524435
              ],
              [
                83.5977192605336,
                27.63459165634315
              ],
              [
                83.59790933326516,
                27.63476597734101
              ],
              [
                83.5984422643347,
                27.63496609189987
              ],
              [
                83.5986966365904,
                27.63512478149515
              ],
              [
                83.59895327184778,
                27.63518646866917
              ],
              [
                83.59929725586409,
                27.635171656294638
              ],
              [
                83.59955588628931,
                27.635118225389128
              ],
              [
                83.60012157459906,
                27.63476559305771
              ],
              [
                83.60064214261489,
                27.634525664419826
              ],
              [
                83.60107244287136,
                27.63449534873715
              ],
              [
                83.6015006392738,
                27.634559776355722
              ],
              [
                83.60158688564427,
                27.63454190912303
              ],
              [
                83.60209751663734,
                27.634780351089148
              ],
              [
                83.60233064074363,
                27.63493666511493
              ],
              [
                83.60237221320989,
                27.635013533420185
              ],
              [
                83.60268814842684,
                27.6353055382679
              ],
              [
                83.60291671159496,
                27.635692045754592
              ],
              [
                83.60297408237471,
                27.636037411638124
              ],
              [
                83.60288244439307,
                27.63632372210601
              ],
              [
                83.60266076338954,
                27.636663855526002
              ],
              [
                83.60243532494928,
                27.63717540647002
              ],
              [
                83.6022159612905,
                27.63740040240224
              ],
              [
                83.60191269965921,
                27.637528166895873
              ],
              [
                83.60171645898656,
                27.63767879818677
              ],
              [
                83.60152101405207,
                27.637770731173774
              ],
              [
                83.60139245382028,
                27.637768107178704
              ],
              [
                83.60100338832656,
                27.637877546404997
              ],
              [
                83.60080983763703,
                27.637892793524276
              ],
              [
                83.60061732334792,
                27.637851589814723
              ],
              [
                83.60035964392682,
                27.637846357351183
              ],
              [
                83.60022958537833,
                27.63790241613341
              ],
              [
                83.59996789233163,
                27.638088968208876
              ],
              [
                83.59976731973815,
                27.6384471047193
              ],
              [
                83.59978051346482,
                27.63884885544362
              ],
              [
                83.59988202248117,
                27.639137921882657
              ],
              [
                83.60017452418002,
                27.639544912833816
              ],
              [
                83.60033951369246,
                27.639890666882298
              ],
              [
                83.60077633123846,
                27.64058691835497
              ],
              [
                83.60094064922554,
                27.640952911324
              ],
              [
                83.60100101663872,
                27.64116290468086
              ],
              [
                83.60112264424447,
                27.641510789754925
              ],
              [
                83.60109532907687,
                27.64179504294857
              ],
              [
                83.60082357479465,
                27.642480161850443
              ],
              [
                83.6006019558975,
                27.642820217637446
              ],
              [
                83.60057807210806,
                27.642933033898814
              ],
              [
                83.60061533982501,
                27.643221968361768
              ],
              [
                83.60081821035503,
                27.643797911989513
              ],
              [
                83.60094246195585,
                27.644028478088778
              ],
              [
                83.60123375646171,
                27.644491842235777
              ],
              [
                83.60167433920773,
                27.64501660243308
              ],
              [
                83.6021807741377,
                27.645464851436884
              ],
              [
                83.60228546222498,
                27.645600534495518
              ],
              [
                83.60260145178502,
                27.645892539343233
              ],
              [
                83.60348963918103,
                27.64659460552687
              ],
              [
                83.60365745453431,
                27.646789099457234
              ],
              [
                83.60405882485698,
                27.647121974192643
              ],
              [
                83.6047095678708,
                27.64787747904509
              ],
              [
                83.60532300823282,
                27.648346281383052
              ],
              [
                83.60574901926657,
                27.64852577661971
              ],
              [
                83.60634863707467,
                27.64861321853823
              ],
              [
                83.6068617096253,
                27.64873646867348
              ],
              [
                83.60711952490414,
                27.648739527413294
              ],
              [
                83.60806126741844,
                27.648909167141845
              ],
              [
                83.60823326718989,
                27.6489119075864
              ],
              [
                83.60857494938804,
                27.64901441030502
              ],
              [
                83.60891752048393,
                27.649058222483042
              ],
              [
                83.60917345704439,
                27.649158229301026
              ],
              [
                83.6096010168563,
                27.649260968800267
              ],
              [
                83.60985845173347,
                27.649284281987228
              ],
              [
                83.6104611515713,
                27.64921828618225
              ],
              [
                83.61106300909118,
                27.649208663573116
              ],
              [
                83.61148870182967,
                27.64940616578185
              ],
              [
                83.61182588519604,
                27.649718541526195
              ],
              [
                83.61196825633678,
                27.650122854139195
              ],
              [
                83.61209338130875,
                27.650296903421587
              ],
              [
                83.61289859068317,
                27.650863348652983
              ],
              [
                83.61310752046806,
                27.651154980862344
              ],
              [
                83.61314757520937,
                27.651288160257042
              ],
              [
                83.61314414771284,
                27.65145965153241
              ],
              [
                83.61309875958513,
                27.65157459493771
              ],
              [
                83.61309414430386,
                27.651804792280274
              ],
              [
                83.61321845412942,
                27.652035292391496
              ],
              [
                83.61385158221776,
                27.652601159257113
              ],
              [
                83.61461408568427,
                27.653129044182272
              ],
              [
                83.614740697328,
                27.65324679402017
              ],
              [
                83.6148453931786,
                27.65338241109076
              ],
              [
                83.61505207160677,
                27.653786844034894
              ],
              [
                83.61526108678795,
                27.65407628699393
              ],
              [
                83.61538739178137,
                27.654193978607083
              ],
              [
                83.6162171487073,
                27.654609152075412
              ],
              [
                83.61642583782992,
                27.65489859503445
              ],
              [
                83.61648432652474,
                27.655205660682263
              ],
              [
                83.61658707378729,
                27.655436098687094
              ],
              [
                83.61747627041217,
                27.656081605355716
              ],
              [
                83.61790075595766,
                27.656337790341748
              ],
              [
                83.61884808028397,
                27.657310667566772
              ],
              [
                83.61952938740602,
                27.657608091197204
              ],
              [
                83.61978571213143,
                27.65768785521299
              ],
              [
                83.6199580185532,
                27.657690471444763
              ],
              [
                83.61997196531989,
                27.657877854193224
              ],
              [
                83.62001377068512,
                27.657974976945624
              ],
              [
                83.62026788675196,
                27.658226162367086
              ],
              [
                83.6204785128177,
                27.65851772470676
              ],
              [
                83.6206040259546,
                27.658766340476244
              ],
              [
                83.62070939721222,
                27.65890203129818
              ],
              [
                83.62109076539495,
                27.659270900569496
              ],
              [
                83.62143083670856,
                27.659504276983007
              ],
              [
                83.62181569837585,
                27.659602280869844
              ],
              [
                83.62277446192327,
                27.660110287867862
              ],
              [
                83.62379927173708,
                27.66048546870128
              ],
              [
                83.62418194415407,
                27.660757288971546
              ],
              [
                83.62424539747862,
                27.660834153395147
              ],
              [
                83.62450082942465,
                27.66099054505392
              ],
              [
                83.62499988533888,
                27.661143101642974
              ],
              [
                83.62501344782228,
                27.66114759271146
              ],
              [
                83.62546182492052,
                27.66132485599965
              ],
              [
                83.62567490030709,
                27.661440478693613
              ],
              [
                83.62605595795787,
                27.661829652873518
              ],
              [
                83.626777898187,
                27.662391152883437
              ],
              [
                83.62724607169774,
                27.662683530369506
              ],
              [
                83.62767070862758,
                27.663014107168404
              ],
              [
                83.62784026295984,
                27.66318828454523
              ],
              [
                83.62803189223285,
                27.663285842042377
              ],
              [
                83.62835039710178,
                27.66353716720322
              ],
              [
                83.62873438927959,
                27.663714224763986
              ],
              [
                83.6293752612587,
                27.663912231587158
              ],
              [
                83.62969657644186,
                27.66397166740446
              ],
              [
                83.62995376289348,
                27.663974722262626
              ],
              [
                83.63033908647706,
                27.664054715295734
              ],
              [
                83.63111058760714,
                27.664117660124194
              ],
              [
                83.63147433698276,
                27.66419759105091
              ],
              [
                83.63164475692285,
                27.664295094204963
              ],
              [
                83.63196289303508,
                27.664566724274398
              ],
              [
                83.63187356851654,
                27.664834977308757
              ],
              [
                83.63209432956914,
                27.665988665649625
              ],
              [
                83.63232438329068,
                27.6664517852527
              ],
              [
                83.63252008053239,
                27.666666731594336
              ],
              [
                83.63253589825415,
                27.66668479290951
              ],
              [
                83.63266150843229,
                27.666915281375783
              ],
              [
                83.63272283849456,
                27.66714559516783
              ],
              [
                83.63276051766636,
                27.667531532052045
              ],
              [
                83.6326932137455,
                27.667759287837065
              ],
              [
                83.63260527109419,
                27.66791248101664
              ],
              [
                83.63227833528254,
                27.66829297194659
              ],
              [
                83.63201770192616,
                27.66854047756432
              ],
              [
                83.63164583213977,
                27.6690765255984
              ],
              [
                83.6314034502994,
                27.669533974111545
              ],
              [
                83.63133533511379,
                27.669840659357707
              ],
              [
                83.63132901578838,
                27.670300914303446
              ],
              [
                83.63151095258259,
                27.671145359391122
              ],
              [
                83.63161413070821,
                27.67145247938203
              ],
              [
                83.63169876619415,
                27.671531653387092
              ],
              [
                83.63178213626233,
                27.671703412496278
              ],
              [
                83.63209770660421,
                27.672166776643273
              ],
              [
                83.63236638273838,
                27.6729347221824
              ],
              [
                83.63240614247431,
                27.673164981631356
              ],
              [
                83.63294552096367,
                27.67454959318324
              ],
              [
                83.63300564383293,
                27.674856596724663
              ],
              [
                83.63313125789274,
                27.67508934431095
              ],
              [
                83.6333376995403,
                27.675703654162458
              ],
              [
                83.63337745927623,
                27.675933913611413
              ],
              [
                83.6333677590341,
                27.676662724360177
              ],
              [
                83.63347307983027,
                27.676816464852333
              ],
              [
                83.63372820900764,
                27.676972856511103
              ],
              [
                83.63437201551378,
                27.67697679250371
              ],
              [
                83.63462977256786,
                27.676941353043677
              ],
              [
                83.63488895806896,
                27.676808852937643
              ],
              [
                83.63514531772923,
                27.676906592872314
              ],
              [
                83.63529389950918,
                27.67702210688009
              ],
              [
                83.63567420023831,
                27.677465356319328
              ],
              [
                83.63579776090552,
                27.677849278627445
              ],
              [
                83.63579613449437,
                27.677964342363882
              ],
              [
                83.6355569588965,
                27.67821190620635
              ],
              [
                83.63435014241878,
                27.678605854815157
              ],
              [
                83.63409082882325,
                27.67873835492119
              ],
              [
                83.6339389476412,
                27.678871099571147
              ],
              [
                83.63380701425599,
                27.679100846642363
              ],
              [
                83.63382733469118,
                27.679177668367824
              ],
              [
                83.63405957766304,
                27.679467107445213
              ],
              [
                83.6343353960323,
                27.67969797243149
              ],
              [
                83.63450458160786,
                27.679892466361853
              ],
              [
                83.63459758204847,
                27.68023115192658
              ],
              [
                83.63428527229216,
                27.68144204413628
              ],
              [
                83.63428545084804,
                27.681669978477178
              ],
              [
                83.63439265036257,
                27.682015464691844
              ],
              [
                83.63454270716935,
                27.682243779434394
              ],
              [
                83.63473564455825,
                27.682436103522683
              ],
              [
                83.6348858333411,
                27.682531215580635
              ],
              [
                83.63501438192795,
                27.682664717152242
              ],
              [
                83.63563608632177,
                27.682932667417944
              ],
              [
                83.63582914016015,
                27.68310685643972
              ],
              [
                83.63591502165558,
                27.683296606994382
              ],
              [
                83.63580819866105,
                27.683679978108273
              ],
              [
                83.63557264076051,
                27.68390947675392
              ],
              [
                83.63531563674644,
                27.68402390389984
              ],
              [
                83.63512300988948,
                27.684194917732313
              ],
              [
                83.63484482759569,
                27.684577726007024
              ],
              [
                83.63471651578946,
                27.684863974368515
              ],
              [
                83.63467371284031,
                27.68505340274627
              ],
              [
                83.63486676667871,
                27.685417156003535
              ],
              [
                83.63523138554382,
                27.685819791743942
              ],
              [
                83.63546727338456,
                27.685973858294656
              ],
              [
                83.63557452336053,
                27.686107282233277
              ],
              [
                83.63566038156605,
                27.68629703278794
              ],
              [
                83.63568176169156,
                27.686450532617826
              ],
              [
                83.63557532686198,
                27.687023351517716
              ],
              [
                83.63557551318115,
                27.68725359932172
              ],
              [
                83.63563996020798,
                27.6874071534947
              ],
              [
                83.63587575877078,
                27.687771038728048
              ],
              [
                83.63591890330508,
                27.6879426542162
              ],
              [
                83.63591888777849,
                27.688134543559745
              ],
              [
                83.6358549608927,
                27.68830578252789
              ],
              [
                83.63568357054022,
                27.68847678083377
              ],
              [
                83.63546952085963,
                27.688629659599737
              ],
              [
                83.63495557881951,
                27.68882010496966
              ],
              [
                83.63480563846223,
                27.688934792186096
              ],
              [
                83.63463444995551,
                27.689144218822126
              ],
              [
                83.63454888675537,
                27.689432780646726
              ],
              [
                83.63454926715701,
                27.68969909285633
              ],
              [
                83.63450657289405,
                27.689947153549937
              ],
              [
                83.63450706974518,
                27.690558668613797
              ],
              [
                83.63457145078397,
                27.690750600655488
              ],
              [
                83.6347217715429,
                27.690904473123727
              ],
              [
                83.63482889342444,
                27.69117102987725
              ],
              [
                83.63463652275635,
                27.69157215953765
              ],
              [
                83.63463683328831,
                27.69185873007605
              ],
              [
                83.63448688516773,
                27.69195534045071
              ],
              [
                83.6342941962044,
                27.69216465451891
              ],
              [
                83.63427282384218,
                27.692297779570517
              ],
              [
                83.63440145394367,
                27.69248991733963
              ],
              [
                83.6346159616589,
                27.692682280244412
              ],
              [
                83.63487313646556,
                27.69283409155676
              ],
              [
                83.63506614760581,
                27.693103163619167
              ],
              [
                83.63525894913698,
                27.69306527871995
              ],
              [
                83.63590144752725,
                27.692816538737674
              ],
              [
                83.63615857575411,
                27.692587040092025
              ],
              [
                83.63626558118615,
                27.692433843030802
              ],
              [
                83.63656526005495,
                27.692148099283745
              ],
              [
                83.63699357290687,
                27.691919031501193
              ],
              [
                83.63725046047146,
                27.69186334535732
              ],
              [
                83.6375077672542,
                27.691861726709472
              ],
              [
                83.63787201736261,
                27.691901032292414
              ],
              [
                83.63821496109685,
                27.69197866140097
              ],
              [
                83.63855750890284,
                27.69197953477211
              ],
              [
                83.6390286945736,
                27.6917889651894
              ],
              [
                83.6392858810252,
                27.69163623392612
              ],
              [
                83.63949976767653,
                27.691444973409794
              ],
              [
                83.63979970661583,
                27.69129240517579
              ],
              [
                83.64074207407572,
                27.690911157324184
              ],
              [
                83.6411702665965,
                27.690797223147754
              ],
              [
                83.6415131443427,
                27.69077777608371
              ],
              [
                83.64187745655748,
                27.690817093311598
              ],
              [
                83.64204901770255,
                27.690873967240226
              ],
              [
                83.64234882466577,
                27.691046230963845
              ],
              [
                83.6431418340158,
                27.691199404735173
              ],
              [
                83.64357027496214,
                27.69118023326824
              ],
              [
                83.6445984656927,
                27.69100915344772
              ],
              [
                83.64571263884154,
                27.691011971525267
              ],
              [
                83.64596988351789,
                27.69103072377405
              ],
              [
                83.64699845465009,
                27.69122285766151
              ],
              [
                83.6473412081835,
                27.691241788466176
              ],
              [
                83.64811258510079,
                27.691435529356536
              ],
              [
                83.64907683730061,
                27.69143571955736
              ],
              [
                83.64967657932151,
                27.691360528124697
              ],
              [
                83.65001920476048,
                27.6912463455227
              ],
              [
                83.650276336869,
                27.691111594059947
              ],
              [
                83.65061900888777,
                27.69105378853544
              ],
              [
                83.65087595079545,
                27.690977723731635
              ],
              [
                83.65104732950299,
                27.69088334530544
              ],
              [
                83.65156139963754,
                27.69076958968489
              ],
              [
                83.65173289479455,
                27.69074972728435
              ],
              [
                83.65267571252578,
                27.690808472168037
              ],
              [
                83.65284702136361,
                27.690826979872902
              ],
              [
                83.65344708556141,
                27.69088491737349
              ],
              [
                83.65447552083589,
                27.690925787261186
              ],
              [
                83.65522507900128,
                27.690887044517424
              ],
              [
                83.65533220476446,
                27.69077222144326
              ],
              [
                83.65539652369685,
                27.690677668342836
              ],
              [
                83.65554557127474,
                27.689836351864667
              ],
              [
                83.65567358419395,
                27.689529786949638
              ],
              [
                83.65593051833834,
                27.68914910193721
              ],
              [
                83.65618733215159,
                27.688899290619673
              ],
              [
                83.65650852312197,
                27.688728602845757
              ],
              [
                83.65678694607806,
                27.688652545805247
              ],
              [
                83.6573010239759,
                27.688633537367597
              ],
              [
                83.65815783211727,
                27.688538592220574
              ],
              [
                83.65858638563147,
                27.688386225832346
              ],
              [
                83.65880021017638,
                27.68819497307932
              ],
              [
                83.65909926409961,
                27.687200599279308
              ],
              [
                83.6592487735938,
                27.686914416905857
              ],
              [
                83.65944133446271,
                27.68664859766574
              ],
              [
                83.6595267035804,
                27.686380278643338
              ],
              [
                83.65959032769752,
                27.685692229096084
              ],
              [
                83.65956850894563,
                27.68546203951682
              ],
              [
                83.65950413567013,
                27.6853084193558
              ],
              [
                83.65946108817707,
                27.685060098591673
              ],
              [
                83.65946020316098,
                27.68422071905661
              ],
              [
                83.65954533549804,
                27.683760603850253
              ],
              [
                83.65980195522882,
                27.683359594520986
              ],
              [
                83.66018744184169,
                27.68309203242024
              ],
              [
                83.66070146539646,
                27.682960165023076
              ],
              [
                83.66121531815863,
                27.68267259690075
              ],
              [
                83.66134376970423,
                27.682539782381106
              ],
              [
                83.66179307063504,
                27.682215971297303
              ],
              [
                83.6621997549359,
                27.68185141065694
              ],
              [
                83.66247801098105,
                27.681527160946743
              ],
              [
                83.6627990272772,
                27.68122103853976
              ],
              [
                83.66324851064554,
                27.680935601443018
              ],
              [
                83.66352658813481,
                27.680667728810306
              ],
              [
                83.66365920857199,
                27.680207722290135
              ],
              [
                83.66357576863412,
                27.68003378169393
              ],
              [
                83.66360027348748,
                27.679803669747656
              ],
              [
                83.66403620213573,
                27.679290294428366
              ],
              [
                83.66537744401764,
                27.67843610251877
              ],
              [
                83.66609421000797,
                27.677790215448496
              ],
              [
                83.66659250511891,
                27.677410038932155
              ],
              [
                83.66666657475487,
                27.677333539383604
              ],
              [
                83.66683175834979,
                27.67716241686494
              ],
              [
                83.66739470233333,
                27.676784720722637
              ],
              [
                83.66765519983196,
                27.676555152207296
              ],
              [
                83.66789300908921,
                27.676404536442995
              ],
              [
                83.66849658229818,
                27.676198413090695
              ],
              [
                83.66910094736363,
                27.67591554564593
              ],
              [
                83.66936145650722,
                27.67568597324894
              ],
              [
                83.6699707706758,
                27.675039849398047
              ],
              [
                83.67018739777168,
                27.674868843328866
              ],
              [
                83.67051176004972,
                27.67467785452801
              ],
              [
                83.67070714287782,
                27.674506852340482
              ],
              [
                83.6711650183724,
                27.673955095270834
              ],
              [
                83.67142927718942,
                27.67342091819182
              ],
              [
                83.67155958028184,
                27.673306157224047
              ],
              [
                83.67173238743638,
                27.67321177879785
              ],
              [
                83.67218508481054,
                27.673041401555892
              ],
              [
                83.67365014354851,
                27.672593478610647
              ],
              [
                83.67416788960516,
                27.672366852385636
              ],
              [
                83.67451219579837,
                27.672272908704187
              ],
              [
                83.67468433530921,
                27.67225528989706
              ],
              [
                83.6749407764841,
                27.672314543276833
              ],
              [
                83.67562401666763,
                27.672589166098042
              ],
              [
                83.67581695017488,
                27.672589600842787
              ],
              [
                83.67588201050232,
                27.672551413174904
              ],
              [
                83.67596994927199,
                27.672380100455413
              ],
              [
                83.67603833617305,
                27.672073411327602
              ],
              [
                83.67610438243948,
                27.671940418252078
              ],
              [
                83.67619220475964,
                27.671787162966112
              ],
              [
                83.6763225117337,
                27.671654414434506
              ],
              [
                83.67649826506023,
                27.67134791938917
              ],
              [
                83.67673839166224,
                27.67104385037478
              ],
              [
                83.67715002118457,
                27.6707198452085
              ],
              [
                83.67756057160832,
                27.670492920096475
              ],
              [
                83.67781932624634,
                27.670398731871106
              ],
              [
                83.67807700566743,
                27.67038128773821
              ],
              [
                83.67893769933995,
                27.670196036015327
              ],
              [
                83.68023226050485,
                27.669630339942287
              ],
              [
                83.6809045893716,
                27.669079099132027
              ],
              [
                83.68105764669343,
                27.66885153354783
              ],
              [
                83.68123433161584,
                27.66846834487147
              ],
              [
                83.68136438240104,
                27.66835584690536
              ],
              [
                83.68181745241354,
                27.66816734624184
              ],
              [
                83.68209907773046,
                27.667958094280035
              ],
              [
                83.68229600545507,
                27.667651715684183
              ],
              [
                83.68294764512991,
                27.66702366867506
              ],
              [
                83.68321320429952,
                27.666667721414964
              ],
              [
                83.68323163048974,
                27.666642975899332
              ],
              [
                83.68407852489827,
                27.665864161741577
              ],
              [
                83.68455913909568,
                27.665195108987028
              ],
              [
                83.68464871203979,
                27.66489066345263
              ],
              [
                83.68480207601193,
                27.664660854275024
              ],
              [
                83.68484681978585,
                27.664507533001014
              ],
              [
                83.68508857668064,
                27.66404991757694
              ],
              [
                83.68519765103188,
                27.663914855582227
              ],
              [
                83.68532782991151,
                27.663820415049642
              ],
              [
                83.68571527287574,
                27.66370847992271
              ],
              [
                83.68614420290993,
                27.66371165123036
              ],
              [
                83.68725758420229,
                27.66389247399115
              ],
              [
                83.68777071109601,
                27.6640312157896
              ],
              [
                83.68819926072854,
                27.664052529927062
              ],
              [
                83.68880188681503,
                27.663922975993003
              ],
              [
                83.68906032703943,
                27.663828783885986
              ],
              [
                83.6891461968899,
                27.663829032311554
              ],
              [
                83.69000733307047,
                27.663587217192006
              ],
              [
                83.6906118844551,
                27.663304291522497
              ],
              [
                83.6907636996491,
                27.663169225646136
              ],
              [
                83.69117432770585,
                27.6629241654676
              ],
              [
                83.69151938693908,
                27.66279184003579
              ],
              [
                83.69175419568126,
                27.662889354834792
              ],
              [
                83.69194506803262,
                27.66306353609327
              ],
              [
                83.69213345224667,
                27.6634295290623
              ],
              [
                83.69223688656116,
                27.663718533394942
              ],
              [
                83.69229469596732,
                27.66423540996209
              ],
              [
                83.69235657722382,
                27.664409280688606
              ],
              [
                83.69260969570674,
                27.664755104606783
              ],
              [
                83.69299270194557,
                27.66498834516256
              ],
              [
                83.6935901499116,
                27.66524241076796
              ],
              [
                83.6940182104563,
                27.665322345576328
              ],
              [
                83.69461888795473,
                27.66532590116728
              ],
              [
                83.6949627594032,
                27.665270281011445
              ],
              [
                83.69530820291972,
                27.66511985156632
              ],
              [
                83.69569764493345,
                27.664854416609504
              ],
              [
                83.69582945798751,
                27.664624529798903
              ],
              [
                83.69592101445453,
                27.664166731937303
              ],
              [
                83.69620744913519,
                27.663573903134186
              ],
              [
                83.69640839436704,
                27.662960664617945
              ],
              [
                83.69654019577617,
                27.662732978702618
              ],
              [
                83.69677944512539,
                27.662464970212177
              ],
              [
                83.6968673334336,
                27.662313974046224
              ],
              [
                83.69732263927621,
                27.661933587920807
              ]
            ]
          ]
        ]
      },
      "geometry_name": "the_geom",
      "properties": {
        "AREA": 96235541.3777,
        "PERIMETER": 52906.573574,
        "DIST_ID": 48,
        "SURVEY_NAM": "SUNWAL",
        "VDC_ID": 68,
        "DISTRICT": "Nawalparasi",
        "VDC_NAME": "Sunwal",
        "VDC_CODE": 480068,
        "ZONE_NAME": "Lumbini",
        "REGION": "Western",
        "P_CODE": "W-LUM-48-068"
      }
    }
  ]
}